{
  "hits": [
    {
      "title": "Apples:",
      "country": "Mexico",
      "cost": 3,
      "instock": 10,
      "url": "http://geospatial.mit.edu",
      "objectID": 1
    },
    {
      "title": "Oranges:",
      "country": "Spain",
      "cost": 4,
      "instock": 3,
      "url": "http://geospatial.mit.edu",
      "objectID": 2
    },
    {
      "title": "Beans:",
      "country": "USA",
      "cost": 2,
      "instock": 5,
      "url": "http://geospatial.mit.edu",
      "objectID": 3
    },
    {
      "title": "Cabbage:",
      "country": "Brazil",
      "cost": 1,
      "instock": 8,
      "url": "http://geospatial.mit.edu",
      "objectID": 4
    }
  ]
}
